<?xml version="1.0" encoding="UTF-8"?>
<!DOCTYPE fontscolors PUBLIC "-//NetBeans//DTD Editor Fonts and Colors settings 1.1//EN" "http://www.netbeans.org/dtds/EditorFontsColors-1_1.dtd">
<fontscolors>
    <fontcolor bgColor="ff38566f" name="mark-occurrences"/>
    <fontcolor foreColor="ff99006b" name="COMMENT_TODO">
        <font style="bold"/>
    </fontcolor>
    <fontcolor name="mod-class"/>
    <fontcolor foreColor="ff9933cc" name="DECORATOR"/>
    <fontcolor name="mod-unused" waveUnderlined="ffff8888"/>
    <fontcolor default="string" name="STRING_TEXT"/>
    <fontcolor foreColor="ffeddd37" name="STRING_ESCAPE">
        <font style="bold"/>
    </fontcolor>
    <fontcolor foreColor="ff8aa6c1" name="mod-parameter"/>
    <fontcolor name="mod-deprecated" strikeThrough="darkGray"/>
    <fontcolor default="whitespace" name="WHITESPACE"/>
    <fontcolor bgColor="ff122831" name="inferred"/>
    <fontcolor default="number" name="INT_LITERAL"/>
    <fontcolor default="error" name="ERROR"/>
    <fontcolor default="keyword" name="ANY_KEYWORD"/>
    <fontcolor default="identifier" name="IDENTIFIER"/>
    <fontcolor name="mod-local-variable"/>
    <fontcolor foreColor="ff99006b" name="TODO">
        <font style="bold"/>
    </fontcolor>
    <fontcolor foreColor="ffeddd3d" name="mod-field">
        <font style="bold"/>
    </fontcolor>
    <fontcolor foreColor="ffff006b" name="STRING_INVALID" strikeThrough="ffff006b">
        <font style="bold"/>
    </fontcolor>
    <fontcolor default="number" name="DOUBLE_LITERAL"/>
    <fontcolor foreColor="ffeddd3d" name="GLOBAL_VAR">
        <font style="italic"/>
    </fontcolor>
    <fontcolor foreColor="ffeddd3d" name="INSTANCE_VAR">
        <font style="bold"/>
    </fontcolor>
    <fontcolor foreColor="ff8aa6c1" name="CONSTANT"/>
    <fontcolor name="mod-method">
        <font style="italic"/>
    </fontcolor>
    <fontcolor default="number" name="LONG_LITERAL"/>
    <fontcolor default="8AA6C1" name="ANY_OPERATOR"/>
    <fontcolor default="comment" name="LINE_COMMENT"/>
    <fontcolor bgColor="ff321e31" name="uncovered"/>
    <fontcolor default="number" name="FLOAT_LITERAL"/>
    <fontcolor foreColor="ffeddd3d" name="CLASS_VAR">
        <font style="bold+italic"/>
    </fontcolor>
    <fontcolor bgColor="ff122e31" name="covered"/>
    <fontcolor foreColor="ffca4344" name="REGEXP_LITERAL"/>
    <fontcolor default="string" name="STRING_LITERAL"/>
    <fontcolor default="string" name="QUOTED_STRING_LITERAL"/>
    <fontcolor name="mod-constructor">
        <font style="bold"/>
    </fontcolor>
    <fontcolor foreColor="ffb53b3c" name="TYPE_SYMBOL"/>
</fontscolors>
