<?xml version="1.0" encoding="UTF-8"?>
<!DOCTYPE fontscolors PUBLIC "-//NetBeans//DTD Editor Fonts and Colors settings 1.1//EN" "http://www.netbeans.org/dtds/EditorFontsColors-1_1.dtd">
<fontscolors>
    <fontcolor bgColor="ff386f4c" foreColor="white" name="nbeditor-bracesMatching-match"/>
    <fontcolor foreColor="ffffa8a8" name="text-limit-line-color"/>
    <fontcolor bgColor="ff253e5a" foreColor="white" name="code-folding"/>
    <fontcolor foreColor="ffcc0099" name="synchronized-text-blocks-ext"/>
    <fontcolor bgColor="ff6f3757" name="nbeditor-bracesMatching-mismatch"/>
    <fontcolor bgColor="ff1b3450" name="highlight-caret-row"/>
    <fontcolor foreColor="yellow" name="caret-color-overwrite-mode"/>
    <fontcolor name="status-bar"/>
    <fontcolor bgColor="darkGray" name="guarded"/>
    <fontcolor name="trailing-whitespace"/>
    <fontcolor bgColor="ff6f3757" name="nbeditor-bracesMatching-mismatch-multichar"/>
    <fontcolor foreColor="red" name="status-bar-bold"/>
    <fontcolor foreColor="ff6b8eb2" name="nbeditor-bracesMatching-sidebar"/>
    <fontcolor bgColor="ffe9e8e2" foreColor="black" name="line-number"/>
    <fontcolor bgColor="ffdfdfdf" name="readonly-files"/>
    <fontcolor bgColor="c038566f" foreColor="white" name="highlight-search"/>
    <fontcolor foreColor="ff253e5a" name="code-folding-bar"/>
    <fontcolor foreColor="ff996600" name="synchronized-text-blocks-ext-slave"/>
    <fontcolor foreColor="ff253e5a" name="indent-guide-lines"/>
    <fontcolor name="indent-whitespace"/>
    <fontcolor bgColor="ffe0e8f1" foreColor="black" name="block-search"/>
    <fontcolor bgColor="ffb0c5e3" name="selection"/>
    <fontcolor bgColor="ffffb442" foreColor="black" name="inc-search"/>
    <fontcolor bgColor="ff386f4c" foreColor="white" name="nbeditor-bracesMatching-match-multichar"/>
    <fontcolor foreColor="yellow" name="caret-color-insert-mode"/>
    <fontcolor foreColor="blue" name="hyperlinks" underline="blue"/>
</fontscolors>
